0x Protocol 59,Tokens (1),https://cn.etherscan.com/tokens/label/0x-protocol
0x Protocol Ecosystem 23,Tokens (11),https://cn.etherscan.com/tokens/label/0x-protocol-ecosystem
0xUniverse 7,Tokens (1),https://cn.etherscan.com/tokens/label/0xuniverse
1inch 35,Tokens (6),https://cn.etherscan.com/tokens/label/1inch
3D Printing 1,Tokens (1),https://cn.etherscan.com/tokens/label/3d-printing
Aave 247,Tokens (71),https://cn.etherscan.com/tokens/label/aave
ABCC 3,Tokens (1),https://cn.etherscan.com/tokens/label/abcc
Across Protocol 20,Tokens (1),https://cn.etherscan.com/tokens/label/across-protocol
adidas 3,Tokens (1),https://cn.etherscan.com/tokens/label/adidas
Adult 31,Tokens (31),https://cn.etherscan.com/tokens/label/adult
Advertising 53,Tokens (51),https://cn.etherscan.com/tokens/label/advertising
Agriculture 28,Tokens (28),https://cn.etherscan.com/tokens/label/agriculture
Airdrop / Distributor 20,Tokens (1),https://cn.etherscan.com/tokens/label/airdrop-distributor
AirSwap 18,Tokens (2),https://cn.etherscan.com/tokens/label/airswap
Alameda Research 30,Tokens (1),https://cn.etherscan.com/tokens/label/alameda-research
Alchemist Coin 16,Tokens (2),https://cn.etherscan.com/tokens/label/alchemist-coin
Algorithmic Stablecoin 6,Tokens (6),https://cn.etherscan.com/tokens/label/algorithmic-stablecoin
Ampleforth 6,Tokens (1),https://cn.etherscan.com/tokens/label/ampleforth
Analytics 12,Tokens (12),https://cn.etherscan.com/tokens/label/analytics
App Development 4,Tokens (4),https://cn.etherscan.com/tokens/label/app-development
Apparel 1,Tokens (1),https://cn.etherscan.com/tokens/label/apparel
AR 7,Tokens (7),https://cn.etherscan.com/tokens/label/ar
Armor.fi 14,Tokens (1),https://cn.etherscan.com/tokens/label/armor-fi
Art 140,Tokens (140),https://cn.etherscan.com/tokens/label/art
Art Blocks 6,Tokens (2),https://cn.etherscan.com/tokens/label/art-blocks
Artificial Intelligence 82,Tokens (82),https://cn.etherscan.com/tokens/label/artificial-intelligence
Artworks 3,Tokens (3),https://cn.etherscan.com/tokens/label/artworks
AscendEX 10,Tokens (2),https://cn.etherscan.com/tokens/label/ascendex
Asset Management 48,Tokens (47),https://cn.etherscan.com/tokens/label/asset-management
Asset Token 3,Tokens (3),https://cn.etherscan.com/tokens/label/asset-token
AtomSolutions 12,Tokens (1),https://cn.etherscan.com/tokens/label/atomsolutions
Auction 13,Tokens (5),https://cn.etherscan.com/tokens/label/auction
Augur 16,Tokens (5),https://cn.etherscan.com/tokens/label/augur
Aura Finance 40,Tokens (2),https://cn.etherscan.com/tokens/label/aura-finance
Aurora 3,Tokens (1),https://cn.etherscan.com/tokens/label/aurora
Authentication 5,Tokens (5),https://cn.etherscan.com/tokens/label/authentication
Aviation 5,Tokens (5),https://cn.etherscan.com/tokens/label/aviation
Axie Infinity 22,Tokens (4),https://cn.etherscan.com/tokens/label/axie-infinity
Balancer 2960,Tokens (2),https://cn.etherscan.com/tokens/label/balancer
Bancor 1230,Tokens (148),https://cn.etherscan.com/tokens/label/bancor
Band 5,Tokens (1),https://cn.etherscan.com/tokens/label/band
Banking 23,Tokens (23),https://cn.etherscan.com/tokens/label/banking
Basic Attention Token 6,Tokens (1),https://cn.etherscan.com/tokens/label/basic-attention-token
Beacon Depositor 86798,Tokens (3),https://cn.etherscan.com/tokens/label/beacon-depositor
Beauty 6,Tokens (6),https://cn.etherscan.com/tokens/label/beauty
Beeple 5,Tokens (4),https://cn.etherscan.com/tokens/label/beeple
Beverage 2,Tokens (2),https://cn.etherscan.com/tokens/label/beverage
Bgogo 4,Tokens (1),https://cn.etherscan.com/tokens/label/bgogo
Binance 65,Tokens (9),https://cn.etherscan.com/tokens/label/binance
Bitcoin Pegged 13,Tokens (13),https://cn.etherscan.com/tokens/label/bitcoin-pegged
BitcoinSoV 6,Tokens (1),https://cn.etherscan.com/tokens/label/bitcoinsov
Bitfinex 47,Tokens (7),https://cn.etherscan.com/tokens/label/bitfinex
BitMart 6,Tokens (1),https://cn.etherscan.com/tokens/label/bitmart
BitTorrent 4,Tokens (2),https://cn.etherscan.com/tokens/label/bittorrent
Blockchain 205,Tokens (205),https://cn.etherscan.com/tokens/label/blockchain
Blockchain Cuties 39,Tokens (4),https://cn.etherscan.com/tokens/label/blockchain-cuties
Blockchain Phone 2,Tokens (2),https://cn.etherscan.com/tokens/label/blockchain-phone
Bloom 5,Tokens (1),https://cn.etherscan.com/tokens/label/bloom
Bounty 7,Tokens (3),https://cn.etherscan.com/tokens/label/bounty
Brave Frontier Heroes 13,Tokens (2),https://cn.etherscan.com/tokens/label/brave-frontier-heroes
Bridge 196,Tokens (31),https://cn.etherscan.com/tokens/label/bridge
bZx 25,Tokens (12),https://cn.etherscan.com/tokens/label/bzx
CACHE Gold 10,Tokens (1),https://cn.etherscan.com/tokens/label/cache-gold
Celsius Network 29,Tokens (5),https://cn.etherscan.com/tokens/label/celsius-network
Centre 8,Tokens (1),https://cn.etherscan.com/tokens/label/centre
Chain 10,Tokens (2),https://cn.etherscan.com/tokens/label/chain
ChangeNOW 4,Tokens (1),https://cn.etherscan.com/tokens/label/changenow
Charity 100,Tokens (88),https://cn.etherscan.com/tokens/label/charity
Chibi Fighters 6,Tokens (2),https://cn.etherscan.com/tokens/label/chibi-fighters
Closure 15,Tokens (7),https://cn.etherscan.com/tokens/label/closure
Cloud 25,Tokens (25),https://cn.etherscan.com/tokens/label/cloud
Cobinhood 5,Tokens (1),https://cn.etherscan.com/tokens/label/cobinhood
Coinbit 8,Tokens (4),https://cn.etherscan.com/tokens/label/coinbit
CoinMarketFeed 7,Tokens (1),https://cn.etherscan.com/tokens/label/coinmarketfeed
Collaboration 10,Tokens (10),https://cn.etherscan.com/tokens/label/collaboration
Collectibles 186,Tokens (183),https://cn.etherscan.com/tokens/label/collectibles
Commodity 4,Tokens (4),https://cn.etherscan.com/tokens/label/commodity
Communication 13,Tokens (12),https://cn.etherscan.com/tokens/label/communication
Compliance 2,Tokens (2),https://cn.etherscan.com/tokens/label/compliance
Compound 80,Tokens (20),https://cn.etherscan.com/tokens/label/compound
Computing 27,Tokens (27),https://cn.etherscan.com/tokens/label/computing
COSS.io 8,Tokens (2),https://cn.etherscan.com/tokens/label/coss-io
CoW Protocol 11,Tokens (2),https://cn.etherscan.com/tokens/label/cow-protocol
Cream.Finance 225,Tokens (74),https://cn.etherscan.com/tokens/label/cream-finance
Creepz 12,Tokens (4),https://cn.etherscan.com/tokens/label/creepz
Crowdfunding 32,Tokens (32),https://cn.etherscan.com/tokens/label/crowdfunding
Crypto Card 14,Tokens (14),https://cn.etherscan.com/tokens/label/crypto-card
Crypto.com 25,Tokens (4),https://cn.etherscan.com/tokens/label/crypto-com
CryptoAtoms 6,Tokens (1),https://cn.etherscan.com/tokens/label/cryptoatoms
CryptoBots 4,Tokens (2),https://cn.etherscan.com/tokens/label/cryptobots
CryptoDozer 11,Tokens (5),https://cn.etherscan.com/tokens/label/cryptodozer
Cryptograph 3,Tokens (1),https://cn.etherscan.com/tokens/label/cryptograph
CryptoKitties 6,Tokens (1),https://cn.etherscan.com/tokens/label/cryptokitties
CryptoPunks 6,Tokens (2),https://cn.etherscan.com/tokens/label/cryptopunks
CryptoRome 6,Tokens (3),https://cn.etherscan.com/tokens/label/cryptorome
CryptoSaga 8,Tokens (2),https://cn.etherscan.com/tokens/label/cryptosaga
CryptoServal 4,Tokens (2),https://cn.etherscan.com/tokens/label/cryptoserval
CryptoSpells 10,Tokens (2),https://cn.etherscan.com/tokens/label/cryptospells
CryptoWars 3,Tokens (1),https://cn.etherscan.com/tokens/label/cryptowars
Currency 65,Tokens (65),https://cn.etherscan.com/tokens/label/currency
Curve.fi 198,Tokens (15),https://cn.etherscan.com/tokens/label/curve-fi
DAO 177,Tokens (169),https://cn.etherscan.com/tokens/label/dao
DAppNode 7,Tokens (1),https://cn.etherscan.com/tokens/label/dappnode
Darwinia Network 11,Tokens (8),https://cn.etherscan.com/tokens/label/darwinia-network
Data 103,Tokens (103),https://cn.etherscan.com/tokens/label/data
Dating 4,Tokens (4),https://cn.etherscan.com/tokens/label/dating
Decentraland 56,Tokens (26),https://cn.etherscan.com/tokens/label/decentraland
Decentralized Web 81,Tokens (81),https://cn.etherscan.com/tokens/label/decentralized-web
DeFi 1679,Tokens (1558),https://cn.etherscan.com/tokens/label/defi
DeFiance Capital 3,Tokens (1),https://cn.etherscan.com/tokens/label/defiance-capital
Deflationary Token 164,Tokens (164),https://cn.etherscan.com/tokens/label/deflationary-token
Deprecated 116,Tokens (41),https://cn.etherscan.com/tokens/label/deprecated
Derivatives 48,Tokens (28),https://cn.etherscan.com/tokens/label/derivatives
Design 3,Tokens (3),https://cn.etherscan.com/tokens/label/design
DEX 233,Tokens (147),https://cn.etherscan.com/tokens/label/dex
dForce 37,Tokens (20),https://cn.etherscan.com/tokens/label/dforce
Diamonds 4,Tokens (4),https://cn.etherscan.com/tokens/label/diamonds
DigiFinex 7,Tokens (2),https://cn.etherscan.com/tokens/label/digifinex
DINNGO 4,Tokens (1),https://cn.etherscan.com/tokens/label/dinngo
Donate 96,Tokens (4),https://cn.etherscan.com/tokens/label/donate
Dot-pegged 1,Tokens (1),https://cn.etherscan.com/tokens/label/dot-pegged
Dragonereum 35,Tokens (3),https://cn.etherscan.com/tokens/label/dragonereum
dYdX 50,Tokens (1),https://cn.etherscan.com/tokens/label/dydx
E-Commerce 66,Tokens (65),https://cn.etherscan.com/tokens/label/e-commerce
Education 65,Tokens (64),https://cn.etherscan.com/tokens/label/education
Electricity 3,Tokens (3),https://cn.etherscan.com/tokens/label/electricity
Email 1,Tokens (1),https://cn.etherscan.com/tokens/label/email
Energy Sector 70,Tokens (69),https://cn.etherscan.com/tokens/label/energy-sector
ENS 42,Tokens (5),https://cn.etherscan.com/tokens/label/ens
Entertainment 115,Tokens (115),https://cn.etherscan.com/tokens/label/entertainment
Environment 14,Tokens (14),https://cn.etherscan.com/tokens/label/environment
Enzyme Finance 60,Tokens (1),https://cn.etherscan.com/tokens/label/enzyme-finance
Escrow 8,Tokens (7),https://cn.etherscan.com/tokens/label/escrow
Esports 19,Tokens (19),https://cn.etherscan.com/tokens/label/esports
Ether Cards 8,Tokens (2),https://cn.etherscan.com/tokens/label/ether-cards
Ether Legends 5,Tokens (1),https://cn.etherscan.com/tokens/label/ether-legends
Etheremon 50,Tokens (4),https://cn.etherscan.com/tokens/label/etheremon
Ethereum Foundation 3,Tokens (1),https://cn.etherscan.com/tokens/label/ethereum-foundation
Etheroll 9,Tokens (1),https://cn.etherscan.com/tokens/label/etheroll
Events 18,Tokens (11),https://cn.etherscan.com/tokens/label/events
Evmos 3,Tokens (1),https://cn.etherscan.com/tokens/label/evmos
Factory Contract 16,Tokens (1),https://cn.etherscan.com/tokens/label/factory-contract
Fantom 24,Tokens (1),https://cn.etherscan.com/tokens/label/fantom
Farming 4,Tokens (3),https://cn.etherscan.com/tokens/label/farming
Fashion 16,Tokens (16),https://cn.etherscan.com/tokens/label/fashion
FAT Brands Inc. 4,Tokens (2),https://cn.etherscan.com/tokens/label/fat-brands-inc
Fiat Gateway 28,Tokens (6),https://cn.etherscan.com/tokens/label/fiat-gateway
Finance 266,Tokens (264),https://cn.etherscan.com/tokens/label/finance
Fintech 71,Tokens (71),https://cn.etherscan.com/tokens/label/fintech
Fitness 13,Tokens (13),https://cn.etherscan.com/tokens/label/fitness
Flagged by SEC 4,Tokens (2),https://cn.etherscan.com/tokens/label/flagged-by-sec
Flexa 7,Tokens (1),https://cn.etherscan.com/tokens/label/flexa
Flowerpatch 2,Tokens (1),https://cn.etherscan.com/tokens/label/flowerpatch
FOAM 9,Tokens (3),https://cn.etherscan.com/tokens/label/foam
Food 8,Tokens (8),https://cn.etherscan.com/tokens/label/food
Freelance 18,Tokens (17),https://cn.etherscan.com/tokens/label/freelance
FTX 28,Tokens (15),https://cn.etherscan.com/tokens/label/ftx
Fund 97,Tokens (35),https://cn.etherscan.com/tokens/label/fund
Furucombo 13,Tokens (1),https://cn.etherscan.com/tokens/label/furucombo
Gambling 146,Tokens (103),https://cn.etherscan.com/tokens/label/gambling
Gaming 562,Tokens (554),https://cn.etherscan.com/tokens/label/gaming
Gas 5,Tokens (5),https://cn.etherscan.com/tokens/label/gas
GBX 7,Tokens (2),https://cn.etherscan.com/tokens/label/gbx
Geeq 13,Tokens (1),https://cn.etherscan.com/tokens/label/geeq
Gemini 16,Tokens (2),https://cn.etherscan.com/tokens/label/gemini
Gitcoin Grants 212,Tokens (1),https://cn.etherscan.com/tokens/label/gitcoin-grants
Gnosis Chain 1,Tokens (1),https://cn.etherscan.com/tokens/label/gnosis-chain
Gods Unchained 27,Tokens (3),https://cn.etherscan.com/tokens/label/gods-unchained
Gold 39,Tokens (39),https://cn.etherscan.com/tokens/label/gold
Governance 75,Tokens (74),https://cn.etherscan.com/tokens/label/governance
Hakka Finance 8,Tokens (3),https://cn.etherscan.com/tokens/label/hakka-finance
Healthcare 66,Tokens (66),https://cn.etherscan.com/tokens/label/healthcare
Hop Protocol 31,Tokens (1),https://cn.etherscan.com/tokens/label/hop-protocol
Hospitality 6,Tokens (6),https://cn.etherscan.com/tokens/label/hospitality
Hotbit 5,Tokens (1),https://cn.etherscan.com/tokens/label/hotbit
Hotel 3,Tokens (3),https://cn.etherscan.com/tokens/label/hotel
HR 15,Tokens (15),https://cn.etherscan.com/tokens/label/hr
Human Resource 19,Tokens (19),https://cn.etherscan.com/tokens/label/human-resource
Humanity 8,Tokens (1),https://cn.etherscan.com/tokens/label/humanity
Huobi 85,Tokens (3),https://cn.etherscan.com/tokens/label/huobi
Hydro Protocol 9,Tokens (1),https://cn.etherscan.com/tokens/label/hydro-protocol
Hyper Dragons 7,Tokens (1),https://cn.etherscan.com/tokens/label/hyper-dragons
Identity 33,Tokens (33),https://cn.etherscan.com/tokens/label/identity
IDEX 9,Tokens (3),https://cn.etherscan.com/tokens/label/idex
Idle.finance 144,Tokens (59),https://cn.etherscan.com/tokens/label/idle-finance
Illuvium 5,Tokens (1),https://cn.etherscan.com/tokens/label/illuvium
Incubator 13,Tokens (13),https://cn.etherscan.com/tokens/label/incubator
Index 2,Tokens (2),https://cn.etherscan.com/tokens/label/index
Index Coop 9,Tokens (1),https://cn.etherscan.com/tokens/label/index-coop
Insurance 48,Tokens (47),https://cn.etherscan.com/tokens/label/insurance
Insureum 4,Tokens (1),https://cn.etherscan.com/tokens/label/insureum
Interoperability / Cross-Chain 36,Tokens (36),https://cn.etherscan.com/tokens/label/interoperability-cross-chain
Investment 95,Tokens (94),https://cn.etherscan.com/tokens/label/investment
Invoice Financing 1,Tokens (1),https://cn.etherscan.com/tokens/label/invoice-financing
IoT 18,Tokens (18),https://cn.etherscan.com/tokens/label/iot
Jarvis Network 10,Tokens (5),https://cn.etherscan.com/tokens/label/jarvis-network
Jobs 6,Tokens (6),https://cn.etherscan.com/tokens/label/jobs
Keep 9,Tokens (1),https://cn.etherscan.com/tokens/label/keep
Keep2r 17,Tokens (3),https://cn.etherscan.com/tokens/label/keep2r
Knowledge 3,Tokens (3),https://cn.etherscan.com/tokens/label/knowledge
Kryptono 5,Tokens (1),https://cn.etherscan.com/tokens/label/kryptono
KuCoin 22,Tokens (2),https://cn.etherscan.com/tokens/label/kucoin
KyberSwap 117,Tokens (3),https://cn.etherscan.com/tokens/label/kyberswap
Land 2,Tokens (2),https://cn.etherscan.com/tokens/label/land
LAToken 5,Tokens (1),https://cn.etherscan.com/tokens/label/latoken
Launchpad 13,Tokens (13),https://cn.etherscan.com/tokens/label/launchpad
Layer 2 138,Tokens (10),https://cn.etherscan.com/tokens/label/layer-2
LCX AG 6,Tokens (1),https://cn.etherscan.com/tokens/label/lcx-ag
Legal 5,Tokens (5),https://cn.etherscan.com/tokens/label/legal
Lido 67,Tokens (4),https://cn.etherscan.com/tokens/label/lido
Liquid 8,Tokens (2),https://cn.etherscan.com/tokens/label/liquid
Liquidity 22,Tokens (21),https://cn.etherscan.com/tokens/label/liquidity
Liquity 20,Tokens (2),https://cn.etherscan.com/tokens/label/liquity
Livepeer 28,Tokens (1),https://cn.etherscan.com/tokens/label/livepeer
Loans 129,Tokens (118),https://cn.etherscan.com/tokens/label/loans
Logistics 13,Tokens (13),https://cn.etherscan.com/tokens/label/logistics
LooksRare 20,Tokens (1),https://cn.etherscan.com/tokens/label/looksrare
Loopring 20,Tokens (2),https://cn.etherscan.com/tokens/label/loopring
LORDLESS 6,Tokens (3),https://cn.etherscan.com/tokens/label/lordless
Loyalty and Rewards 48,Tokens (48),https://cn.etherscan.com/tokens/label/loyalty-and-rewards
LUKSO Blockchain 6,Tokens (1),https://cn.etherscan.com/tokens/label/lukso-blockchain
Mainnet Launched 21,Tokens (21),https://cn.etherscan.com/tokens/label/mainnet-launched
Maker 85,Tokens (4),https://cn.etherscan.com/tokens/label/maker
MANTRA 37,Tokens (16),https://cn.etherscan.com/tokens/label/mantra
Manufacturing 5,Tokens (5),https://cn.etherscan.com/tokens/label/manufacturing
Marketing 32,Tokens (31),https://cn.etherscan.com/tokens/label/marketing
Marketplace 162,Tokens (146),https://cn.etherscan.com/tokens/label/marketplace
Masternode 6,Tokens (6),https://cn.etherscan.com/tokens/label/masternode
Media 35,Tokens (34),https://cn.etherscan.com/tokens/label/media
MEDIKEY 13,Tokens (1),https://cn.etherscan.com/tokens/label/medikey
MEETtoken 8,Tokens (1),https://cn.etherscan.com/tokens/label/meettoken
MegaCryptoPolis 13,Tokens (6),https://cn.etherscan.com/tokens/label/megacryptopolis
MekaVerse 8,Tokens (3),https://cn.etherscan.com/tokens/label/mekaverse
MEME 339,Tokens (339),https://cn.etherscan.com/tokens/label/meme
MESG 7,Tokens (1),https://cn.etherscan.com/tokens/label/mesg
MetaMask 4,Tokens (1),https://cn.etherscan.com/tokens/label/metamask
Metaverse 153,Tokens (153),https://cn.etherscan.com/tokens/label/metaverse
Metronome 6,Tokens (1),https://cn.etherscan.com/tokens/label/metronome
MEV Protection 5,Tokens (3),https://cn.etherscan.com/tokens/label/mev-protection
Microtasking 3,Tokens (3),https://cn.etherscan.com/tokens/label/microtasking
Mining 199,Tokens (72),https://cn.etherscan.com/tokens/label/mining
Mirror 25,Tokens (2),https://cn.etherscan.com/tokens/label/mirror
Mobile 29,Tokens (29),https://cn.etherscan.com/tokens/label/mobile
Movie / Film 5,Tokens (5),https://cn.etherscan.com/tokens/label/movie-film
mStable 156,Tokens (5),https://cn.etherscan.com/tokens/label/mstable
Multichain 48,Tokens (12),https://cn.etherscan.com/tokens/label/multichain
Music 57,Tokens (56),https://cn.etherscan.com/tokens/label/music
My Crypto Heroes 31,Tokens (4),https://cn.etherscan.com/tokens/label/my-crypto-heroes
MyEtherWallet 2,Tokens (1),https://cn.etherscan.com/tokens/label/myetherwallet
Nation3 1,Tokens (1),https://cn.etherscan.com/tokens/label/nation3
Neo Tokyo 16,Tokens (8),https://cn.etherscan.com/tokens/label/neo-tokyo
Neon District 5,Tokens (2),https://cn.etherscan.com/tokens/label/neon-district
NEST Protocol 23,Tokens (1),https://cn.etherscan.com/tokens/label/nest-protocol
Network 48,Tokens (47),https://cn.etherscan.com/tokens/label/network
News 15,Tokens (14),https://cn.etherscan.com/tokens/label/news
Nexo 9,Tokens (1),https://cn.etherscan.com/tokens/label/nexo
Nexus Mutual 19,Tokens (1),https://cn.etherscan.com/tokens/label/nexus-mutual
Nifty Gateway 9,Tokens (4),https://cn.etherscan.com/tokens/label/nifty-gateway
Off-Chain 1,Tokens (1),https://cn.etherscan.com/tokens/label/off-chain
Oil 1,Tokens (1),https://cn.etherscan.com/tokens/label/oil
OKX 26,Tokens (1),https://cn.etherscan.com/tokens/label/okx
Old Contract 1755,Tokens (600),https://cn.etherscan.com/tokens/label/old-contract
OMG Network 16,Tokens (2),https://cn.etherscan.com/tokens/label/omg-network
Onyx.to 7,Tokens (3),https://cn.etherscan.com/tokens/label/onyx-to
Oobit 7,Tokens (1),https://cn.etherscan.com/tokens/label/oobit
Ooki 2,Tokens (1),https://cn.etherscan.com/tokens/label/ooki
OpenSea 18,Tokens (2),https://cn.etherscan.com/tokens/label/opensea
Options Trading 9,Tokens (6),https://cn.etherscan.com/tokens/label/options-trading
Oracle 36,Tokens (25),https://cn.etherscan.com/tokens/label/oracle
Orchid 7,Tokens (1),https://cn.etherscan.com/tokens/label/orchid
Origin Protocol 17,Tokens (2),https://cn.etherscan.com/tokens/label/origin-protocol
Origo 4,Tokens (1),https://cn.etherscan.com/tokens/label/origo
OTC 16,Tokens (7),https://cn.etherscan.com/tokens/label/otc
Others 30,Tokens (28),https://cn.etherscan.com/tokens/label/others
ParaSwap 10,Tokens (1),https://cn.etherscan.com/tokens/label/paraswap
Pass 43,Tokens (43),https://cn.etherscan.com/tokens/label/pass
Payments 223,Tokens (216),https://cn.etherscan.com/tokens/label/payments
Pet 4,Tokens (4),https://cn.etherscan.com/tokens/label/pet
Pharmaceutical 1,Tokens (1),https://cn.etherscan.com/tokens/label/pharmaceutical
Platform 165,Tokens (165),https://cn.etherscan.com/tokens/label/platform
Play-to-Earn 67,Tokens (67),https://cn.etherscan.com/tokens/label/play-to-earn
POA Network 11,Tokens (1),https://cn.etherscan.com/tokens/label/poa-network
Polychain Monsters 6,Tokens (2),https://cn.etherscan.com/tokens/label/polychain-monsters
Polygon (Matic) 45,Tokens (1),https://cn.etherscan.com/tokens/label/polygon-matic
PoolTogether 62,Tokens (14),https://cn.etherscan.com/tokens/label/pooltogether
Portfolio Tracker 1,Tokens (1),https://cn.etherscan.com/tokens/label/portfolio-tracker
PoS 4,Tokens (4),https://cn.etherscan.com/tokens/label/pos
Precious Metals 7,Tokens (7),https://cn.etherscan.com/tokens/label/precious-metals
Prediction 6,Tokens (1),https://cn.etherscan.com/tokens/label/prediction
Prediction Market 21,Tokens (20),https://cn.etherscan.com/tokens/label/prediction-market
Premia 30,Tokens (2),https://cn.etherscan.com/tokens/label/premia
Privacy 33,Tokens (33),https://cn.etherscan.com/tokens/label/privacy
Protocol 134,Tokens (111),https://cn.etherscan.com/tokens/label/protocol
Pundi X 18,Tokens (3),https://cn.etherscan.com/tokens/label/pundi-x
Radicle 6,Tokens (1),https://cn.etherscan.com/tokens/label/radicle
Radio 1,Tokens (1),https://cn.etherscan.com/tokens/label/radio
RaidParty 8,Tokens (3),https://cn.etherscan.com/tokens/label/raidparty
Rari Capital 54,Tokens (4),https://cn.etherscan.com/tokens/label/rari-capital
Rarible 19,Tokens (6),https://cn.etherscan.com/tokens/label/rarible
Rating 4,Tokens (4),https://cn.etherscan.com/tokens/label/rating
Real Estate 75,Tokens (74),https://cn.etherscan.com/tokens/label/real-estate
Rebase Token 42,Tokens (42),https://cn.etherscan.com/tokens/label/rebase-token
Redacted Cartel 15,Tokens (1),https://cn.etherscan.com/tokens/label/redacted-cartel
Remittance 6,Tokens (6),https://cn.etherscan.com/tokens/label/remittance+
Remme 7,Tokens (1),https://cn.etherscan.com/tokens/label/remme
Ren 32,Tokens (9),https://cn.etherscan.com/tokens/label/ren
Rent 7,Tokens (7),https://cn.etherscan.com/tokens/label/rent
Reputation 2,Tokens (2),https://cn.etherscan.com/tokens/label/reputation
Research 10,Tokens (10),https://cn.etherscan.com/tokens/label/research
Reserve Protocol 9,Tokens (3),https://cn.etherscan.com/tokens/label/reserve-protocol
ReserveLending 21,Tokens (10),https://cn.etherscan.com/tokens/label/reservelending
Resfinex 5,Tokens (1),https://cn.etherscan.com/tokens/label/resfinex
Restaurant 3,Tokens (3),https://cn.etherscan.com/tokens/label/restaurant
Retail 12,Tokens (12),https://cn.etherscan.com/tokens/label/retail
Revain 9,Tokens (3),https://cn.etherscan.com/tokens/label/revain
Review 2,Tokens (2),https://cn.etherscan.com/tokens/label/review
Rhino.fi 12,Tokens (1),https://cn.etherscan.com/tokens/label/rhino-fi
Ribbon Finance 17,Tokens (1),https://cn.etherscan.com/tokens/label/ribbon-finance
Ridesharing 4,Tokens (4),https://cn.etherscan.com/tokens/label/ridesharing
Rocket Pool 22,Tokens (2),https://cn.etherscan.com/tokens/label/rocket-pool
Saddle Finance 19,Tokens (3),https://cn.etherscan.com/tokens/label/saddle-finance
Safe (formerly Gnosis Safe) 44,Tokens (1),https://cn.etherscan.com/tokens/label/safe-formerly-gnosis-safe
Saffron.Finance 6,Tokens (1),https://cn.etherscan.com/tokens/label/saffron-finance
Security 50,Tokens (48),https://cn.etherscan.com/tokens/label/security
Security Token 30,Tokens (30),https://cn.etherscan.com/tokens/label/security-token
Sentinel Protocol 5,Tokens (1),https://cn.etherscan.com/tokens/label/sentinel-protocol
Services / Solutions 86,Tokens (86),https://cn.etherscan.com/tokens/label/services-solutions
Set Protocol 185,Tokens (51),https://cn.etherscan.com/tokens/label/set-protocol
Set Social Trading 47,Tokens (47),https://cn.etherscan.com/tokens/label/set-social-trading
ShapeShift 17,Tokens (1),https://cn.etherscan.com/tokens/label/shapeshift
Sharing 9,Tokens (9),https://cn.etherscan.com/tokens/label/sharing
Shiba Inu 13,Tokens (3),https://cn.etherscan.com/tokens/label/shiba-inu
Shipping 6,Tokens (6),https://cn.etherscan.com/tokens/label/shipping
Sidechains 2,Tokens (2),https://cn.etherscan.com/tokens/label/sidechains
Silverway Platform 4,Tokens (1),https://cn.etherscan.com/tokens/label/silverway-platform
Smart Contract 20,Tokens (18),https://cn.etherscan.com/tokens/label/smart-contract
Social Media 78,Tokens (78),https://cn.etherscan.com/tokens/label/social-media
Social Networking 77,Tokens (77),https://cn.etherscan.com/tokens/label/social-networking
Software 18,Tokens (18),https://cn.etherscan.com/tokens/label/software
Solv Protocol 35,Tokens (2),https://cn.etherscan.com/tokens/label/solv-protocol
Sorare 9,Tokens (2),https://cn.etherscan.com/tokens/label/sorare
Spam Token 31,Tokens (21),https://cn.etherscan.com/tokens/label/spam-token
Sports 47,Tokens (47),https://cn.etherscan.com/tokens/label/sports
ST-20 6,Tokens (6),https://cn.etherscan.com/tokens/label/st-20
Stablecoin 211,Tokens (210),https://cn.etherscan.com/tokens/label/stablecoin
Staking 628,Tokens (599),https://cn.etherscan.com/tokens/label/staking
Status 7,Tokens (1),https://cn.etherscan.com/tokens/label/status
Stoner Cats 3,Tokens (1),https://cn.etherscan.com/tokens/label/stoner-cats
Storage 19,Tokens (19),https://cn.etherscan.com/tokens/label/storage
Streaming 4,Tokens (4),https://cn.etherscan.com/tokens/label/streaming
Streamity 11,Tokens (2),https://cn.etherscan.com/tokens/label/streamity
StrongBlock 7,Tokens (2),https://cn.etherscan.com/tokens/label/strongblock
Subscription / Membership 2,Tokens (2),https://cn.etherscan.com/tokens/label/subscription-membership
SuperRare 8,Tokens (2),https://cn.etherscan.com/tokens/label/superrare
Supply Chain 16,Tokens (16),https://cn.etherscan.com/tokens/label/supply-chain
Surveillance 1,Tokens (1),https://cn.etherscan.com/tokens/label/surveillance
Survey 3,Tokens (3),https://cn.etherscan.com/tokens/label/survey
SushiSwap 3483,Tokens (3),https://cn.etherscan.com/tokens/label/sushiswap
Swipe.io 9,Tokens (1),https://cn.etherscan.com/tokens/label/swipe-io
Sybil Delegate 223,Tokens (1),https://cn.etherscan.com/tokens/label/sybil-delegate
Synapse 11,Tokens (1),https://cn.etherscan.com/tokens/label/synapse
Synthetix 589,Tokens (65),https://cn.etherscan.com/tokens/label/synthetix
TAGZ 6,Tokens (2),https://cn.etherscan.com/tokens/label/tagz
tBTC 8,Tokens (2),https://cn.etherscan.com/tokens/label/tbtc
Technology 88,Tokens (88),https://cn.etherscan.com/tokens/label/technology
Telecommunications 7,Tokens (7),https://cn.etherscan.com/tokens/label/telecommunications
Ticketing 2,Tokens (2),https://cn.etherscan.com/tokens/label/ticketing
Token Migration 3,Tokens (2),https://cn.etherscan.com/tokens/label/token-migration
Tokenized Asset 34,Tokens (34),https://cn.etherscan.com/tokens/label/tokenized-asset
Tokenized Equity 11,Tokens (11),https://cn.etherscan.com/tokens/label/tokenized-equity
Tokenlon 29,Tokens (3),https://cn.etherscan.com/tokens/label/tokenlon
Tools 12,Tokens (12),https://cn.etherscan.com/tokens/label/tools
TopBTC 3,Tokens (1),https://cn.etherscan.com/tokens/label/topbtc
Tornado.Cash 64,Tokens (2),https://cn.etherscan.com/tokens/label/tornado-cash
Trade.io 7,Tokens (1),https://cn.etherscan.com/tokens/label/trade-io
Trading 215,Tokens (202),https://cn.etherscan.com/tokens/label/trading
Transportation 5,Tokens (5),https://cn.etherscan.com/tokens/label/transportation
Travel 38,Tokens (38),https://cn.etherscan.com/tokens/label/travel
TRON 7,Tokens (3),https://cn.etherscan.com/tokens/label/tron
TrustToken 16,Tokens (5),https://cn.etherscan.com/tokens/label/trusttoken
Typhoon.Cash 24,Tokens (1),https://cn.etherscan.com/tokens/label/typhoon-cash
unagii.com 25,Tokens (11),https://cn.etherscan.com/tokens/label/unagii-com
unFederalReserve 20,Tokens (10),https://cn.etherscan.com/tokens/label/unfederalreserve
Unibright 17,Tokens (1),https://cn.etherscan.com/tokens/label/unibright
Unicrypt 14,Tokens (2),https://cn.etherscan.com/tokens/label/unicrypt
Unifier System 5,Tokens (1),https://cn.etherscan.com/tokens/label/unifier-system
Uniswap 146849,Tokens (2),https://cn.etherscan.com/tokens/label/uniswap
Unstoppable Domains 8,Tokens (2),https://cn.etherscan.com/tokens/label/unstoppable-domains
V1 34,Tokens (17),https://cn.etherscan.com/tokens/label/v1
V2 134,Tokens (22),https://cn.etherscan.com/tokens/label/v2
Value DeFi 35,Tokens (1),https://cn.etherscan.com/tokens/label/value-defi
Vaults 85,Tokens (33),https://cn.etherscan.com/tokens/label/vaults
Vehicle 18,Tokens (18),https://cn.etherscan.com/tokens/label/vehicle
Venture Capital 10,Tokens (10),https://cn.etherscan.com/tokens/label/venture-capital
Video 9,Tokens (9),https://cn.etherscan.com/tokens/label/video
Vodi X 3,Tokens (1),https://cn.etherscan.com/tokens/label/vodi-x
VPN 5,Tokens (4),https://cn.etherscan.com/tokens/label/vpn
VR 22,Tokens (22),https://cn.etherscan.com/tokens/label/vr
Wallet App 79,Tokens (72),https://cn.etherscan.com/tokens/label/wallet-app
Website Down 585,Tokens (473),https://cn.etherscan.com/tokens/label/website-down
Wi-Fi 3,Tokens (3),https://cn.etherscan.com/tokens/label/wi-fi
Wirex 3,Tokens (1),https://cn.etherscan.com/tokens/label/wirex
Wormhole 36,Tokens (18),https://cn.etherscan.com/tokens/label/wormhole
Wrapped Bitcoin 7,Tokens (2),https://cn.etherscan.com/tokens/label/wrapped-bitcoin
Wrapped Token 2,Tokens (2),https://cn.etherscan.com/tokens/label/wrapped-token
Yam.Finance 25,Tokens (3),https://cn.etherscan.com/tokens/label/yam-finance
Yearn.Finance 168,Tokens (71),https://cn.etherscan.com/tokens/label/yearn-finance
YFFI.finance 14,Tokens (1),https://cn.etherscan.com/tokens/label/yffi-finance
YFII.finance 10,Tokens (1),https://cn.etherscan.com/tokens/label/yfii-finance
ygov.finance 8,Tokens (1),https://cn.etherscan.com/tokens/label/ygov-finance
Yield Farming 725,Tokens (631),https://cn.etherscan.com/tokens/label/yield-farming
Zapper.Fi 93,Tokens (2),https://cn.etherscan.com/tokens/label/zapper-fi
ZB.com 4,Tokens (1),https://cn.etherscan.com/tokens/label/zb-com
Zethr 7,Tokens (1),https://cn.etherscan.com/tokens/label/zethr
